{"cameraMode":{"drawMode":0,"name":"Shaded","section":"Shading Mode"},"sceneLighting":true,"audioPlay":false,"sceneViewState":{"showFog":true,"showMaterialUpdate":false,"showSkybox":true,"showFlares":true,"showImageEffects":true,"showParticleSystems":true},"in2DMode":false,"pivot":{"x":-38.26763153076172,"y":-26.894126892089845,"z":18.485614776611329},"rotation":{"x":0.24707625806331635,"y":-0.5041459798812866,"z":0.1521286815404892,"w":0.8137310743331909},"size":27.81808090209961,"orthographic":false}