{"cameraMode":{"drawMode":0,"name":"Shaded","section":"Shading Mode"},"sceneLighting":true,"audioPlay":false,"sceneViewState":{"showFog":true,"showMaterialUpdate":false,"showSkybox":true,"showFlares":true,"showImageEffects":true,"showParticleSystems":true},"in2DMode":false,"pivot":{"x":9.552925109863282,"y":1.9546022415161133,"z":-4.668842315673828},"rotation":{"x":-0.18482017517089845,"y":0.617344319820404,"z":-0.15225966274738313,"w":-0.7493676543235779},"size":1.0389137268066407,"orthographic":false}