{"cameraMode":{"drawMode":0,"name":"Shaded","section":"Shading Mode"},"sceneLighting":true,"audioPlay":false,"sceneViewState":{"showFog":true,"showMaterialUpdate":false,"showSkybox":true,"showFlares":true,"showImageEffects":true,"showParticleSystems":true},"in2DMode":false,"pivot":{"x":69.22314453125,"y":28.996856689453126,"z":-21.98016357421875},"rotation":{"x":-0.2069295197725296,"y":0.31175827980041506,"z":0.06998396664857865,"w":0.9248452186584473},"size":161.1460723876953,"orthographic":false}